node,collo,collo_pos,association,count,src,timestep
臺灣,在,left,459.358127201165,257,ptt,8
臺灣,對,left,362.80517237882134,127,ptt,8
臺灣,讓,left,161.15327038385152,73,ptt,8
臺灣,訪問,left,135.71575190168093,25,ptt,8
臺灣,天佑,left,101.28614311476099,14,ptt,8
臺灣,把,left,97.40713371792347,45,ptt,8
臺灣,是,left,90.19678387664953,163,ptt,8
臺灣,與,left,88.55224747079869,59,ptt,8
臺灣,守護,left,79.84828831441635,14,ptt,8
臺灣,凸顯,left,74.70247373178829,11,ptt,8
臺灣,出賣,left,66.48261160512216,10,ptt,8
臺灣,承認,left,64.42067836480007,15,ptt,8
臺灣,扯,left,63.101776544564295,13,ptt,8
臺灣,因為,left,61.55921209087533,41,ptt,8
臺灣,說,left,60.10766409617294,67,ptt,8
臺灣,者,left,49.634686662001954,22,ptt,8
臺灣,來自,left,49.258995750484985,13,ptt,8
臺灣,覺得,left,46.69472963397963,30,ptt,8
臺灣,指出,left,43.56080183316503,19,ptt,8
臺灣,保護,left,43.18441345060175,14,ptt,8
臺灣,人,right,1906.7737023866584,462,ptt,8
臺灣,價值,right,998.3769024825871,139,ptt,8
臺灣,人民,right,255.06575089568065,62,ptt,8
臺灣,的,right,240.41654509183599,463,ptt,8
臺灣,豬肉,right,136.20302815018397,53,ptt,8
臺灣,製造,right,133.70984966916845,25,ptt,8
臺灣,基進,right,130.4251776628405,17,ptt,8
臺灣,關係法,right,129.68199984691338,13,ptt,8
臺灣,菸酒,right,102.85630781618525,11,ptt,8
臺灣,社會,right,98.54591229773999,31,ptt,8
臺灣,豬農,right,92.14297301090818,22,ptt,8
臺灣,後腿,right,83.97218671832381,11,ptt,8
臺灣,天佑,right,81.68010418843123,12,ptt,8
臺灣,海峽,right,72.5229540300151,15,ptt,8
臺灣,防疫,right,69.58051613626772,21,ptt,8
臺灣,市場,right,69.09153625927318,24,ptt,8
臺灣,主權,right,67.60581700916428,13,ptt,8
臺灣,正妹,right,56.93791317023536,10,ptt,8
臺灣,政府,right,56.821519578335064,41,ptt,8
臺灣,軍方,right,52.554825730217814,10,ptt,8
臺灣,在,left,566.7271546164511,264,ptt,5
臺灣,對,left,197.66898708874749,79,ptt,5
臺灣,讓,left,94.20850617150806,50,ptt,5
臺灣,無煙,left,78.06014317575136,11,ptt,5
臺灣,來,left,77.5150765947055,34,ptt,5
臺灣,排名,left,74.43941314415005,11,ptt,5
臺灣,是,left,74.31315747383763,128,ptt,5
臺灣,說,left,59.210901842565306,56,ptt,5
臺灣,題,left,55.45019581589746,14,ptt,5
臺灣,把,left,55.40476628641328,29,ptt,5
臺灣,因為,left,51.54944403524636,33,ptt,5
臺灣,基金會,left,49.040414172030836,10,ptt,5
臺灣,反觀,left,48.73028159925349,10,ptt,5
臺灣,協會,left,48.419228148611865,11,ptt,5
臺灣,現在,left,45.48983157931878,32,ptt,5
臺灣,跟,left,36.59885433745093,37,ptt,5
臺灣,代表,left,36.04597240436058,13,ptt,5
臺灣,有沒有,left,35.968631401326135,18,ptt,5
臺灣,覺得,left,34.668457127481716,22,ptt,5
臺灣,只有,left,31.73766283158536,16,ptt,5
臺灣,人,right,1134.1925559681313,312,ptt,5
臺灣,價值,right,846.2762337158551,111,ptt,5
臺灣,的,right,326.31018224911384,445,ptt,5
臺灣,本島,right,122.07088253016329,14,ptt,5
臺灣,基進,right,115.74852205564761,14,ptt,5
臺灣,威卜,right,115.05316850392467,11,ptt,5
臺灣,民主,right,107.95917349815903,24,ptt,5
臺灣,犯罪率,right,104.97188756563301,12,ptt,5
臺灣,人民,right,88.53426950351965,27,ptt,5
臺灣,海峽,right,87.8828585525396,10,ptt,5
臺灣,男生,right,84.30348818993176,16,ptt,5
臺灣,辨識,right,80.90985773246517,13,ptt,5
臺灣,女生,right,74.88162175626883,17,ptt,5
臺灣,人口,right,68.50220325883588,16,ptt,5
臺灣,經濟,right,61.640577034865764,24,ptt,5
臺灣,大學,right,55.82388827830412,18,ptt,5
臺灣,菸草,right,50.086825326787974,11,ptt,5
臺灣,基金會,right,48.42377677877573,10,ptt,5
臺灣,國旗,right,46.94697591602606,10,ptt,5
臺灣,防疫,right,36.52880579850054,14,ptt,5
臺灣,在,left,714.6276843376133,298,ptt,3
臺灣,對,left,154.93258399422365,69,ptt,3
臺灣,退出,left,100.72511289831493,18,ptt,3
臺灣,天佑,left,95.72524913289382,13,ptt,3
臺灣,是,left,79.60902961923796,136,ptt,3
臺灣,反觀,left,79.09794781311902,13,ptt,3
臺灣,讓,left,78.43183918247205,46,ptt,3
臺灣,訪問,left,77.42164368618874,13,ptt,3
臺灣,中華民國,left,70.04940751382901,18,ptt,3
臺灣,認為,left,66.99854215093512,28,ptt,3
臺灣,國立,left,60.14285189672624,11,ptt,3
臺灣,現在,left,58.80119072923368,38,ptt,3
臺灣,說,left,46.15908795115054,53,ptt,3
臺灣,成為,left,45.53962341546876,14,ptt,3
臺灣,跟,left,44.38422381243949,43,ptt,3
臺灣,覺得,left,42.54076591923709,28,ptt,3
臺灣,為,left,34.760670798181096,44,ptt,3
臺灣,代表,left,33.49910552880765,14,ptt,3
臺灣,把,left,33.131992857009145,24,ptt,3
臺灣,而,left,33.02857252385322,24,ptt,3
臺灣,人,right,926.9670594011332,280,ptt,3
臺灣,價值,right,508.73471843315224,78,ptt,3
臺灣,基進,right,429.01077202661844,54,ptt,3
臺灣,民主,right,260.0393541316735,55,ptt,3
臺灣,的,right,178.1709262106973,363,ptt,3
臺灣,社會,right,169.11390872730706,44,ptt,3
臺灣,人民,right,119.36134374096751,33,ptt,3
臺灣,高等法院,right,116.04682218652425,14,ptt,3
臺灣,獨立,right,96.4020203001604,19,ptt,3
臺灣,防疫,right,95.96041002258313,28,ptt,3
臺灣,天佑,right,95.38230540833759,13,ptt,3
臺灣,政壇,right,85.33210342938419,13,ptt,3
臺灣,政府,right,76.27215843609397,35,ptt,3
臺灣,大學,right,67.46874904584507,19,ptt,3
臺灣,經濟,right,64.41437958234728,20,ptt,3
臺灣,最,right,56.96881540647548,27,ptt,3
臺灣,主權,right,45.05946677803951,12,ptt,3
臺灣,市場,right,43.70040848986295,16,ptt,3
臺灣,政治,right,43.439423303725796,25,ptt,3
臺灣,地區,right,41.66752309246109,12,ptt,3
臺灣,前,left,5308.855834243887,904,weibo,8
臺灣,在,left,1309.7722570499332,774,weibo,8
臺灣,收復,left,843.7144617655192,117,weibo,8
臺灣,武統,left,786.835256567755,127,weibo,8
臺灣,去,left,781.164716708509,291,weibo,8
臺灣,史,left,627.5414611033672,105,weibo,8
臺灣,從,left,623.5461231496569,206,weibo,8
臺灣,解放,left,619.8261615180668,92,weibo,8
臺灣,統一,left,463.3982499283886,115,weibo,8
臺灣,戲說,left,407.0474662153937,50,weibo,8
臺灣,竄訪,left,368.89710023701764,52,weibo,8
臺灣,解決,left,358.30319489456247,70,weibo,8
臺灣,據,left,329.46703019174265,109,weibo,8
臺灣,場,left,314.3987865926499,53,weibo,8
臺灣,讀過,left,251.31622662683628,34,weibo,8
臺灣,進入,left,241.4721531338376,68,weibo,8
臺灣,來自,left,213.16099771197077,69,weibo,8
臺灣,訪問,left,209.3113718247837,73,weibo,8
臺灣,對,left,187.92132733901732,120,weibo,8
臺灣,擠壓,left,174.79379764740295,26,weibo,8
臺灣,偶像,right,6399.193154045982,918,weibo,8
臺灣,腔,right,3413.423228339985,445,weibo,8
臺灣,美食,right,2626.619367735435,490,weibo,8
臺灣,歷史,right,1303.1211286927132,353,weibo,8
臺灣,問題,right,985.844185699948,262,weibo,8
臺灣,初中,right,765.9747851483932,121,weibo,8
臺灣,金曲獎,right,539.3650277969491,73,weibo,8
臺灣,起飛,right,474.20447251557766,82,weibo,8
臺灣,媒體報道,right,371.4032000232609,68,weibo,8
臺灣,南投,right,350.2131129992233,53,weibo,8
臺灣,偶像劇,right,323.1726354818619,61,weibo,8
臺灣,的,right,322.065924631333,1286,weibo,8
臺灣,風味,right,298.0267504045825,50,weibo,8
臺灣,飯糰,right,258.27331279591044,36,weibo,8
臺灣,新竹,right,254.30271295415568,42,weibo,8
臺灣,石虎,right,252.54631285723724,32,weibo,8
臺灣,防務,right,230.60660649985627,54,weibo,8
臺灣,作家,right,223.71556967166904,64,weibo,8
臺灣,熱狗,right,201.4505297745276,32,weibo,8
臺灣,網友,right,198.13200003676775,68,weibo,8
臺灣,飛越,left,8620.949682218623,1077,weibo,3
臺灣,在,left,1358.9584758072822,715,weibo,3
臺灣,邱毅,left,1259.3244084971798,162,weibo,3
臺灣,進入,left,1018.1751927095274,194,weibo,3
臺灣,優健萃,left,812.2625515567318,109,weibo,3
臺灣,去,left,794.0133914781445,269,weibo,3
臺灣,今日,left,735.9902269001682,149,weibo,3
臺灣,現身,left,649.3765705843776,103,weibo,3
臺灣,福建,left,446.70376074871933,90,weibo,3
臺灣,禍害,left,385.1037949574791,50,weibo,3
臺灣,解放,left,371.9256899263771,60,weibo,3
臺灣,飛入,left,360.9691746467195,47,weibo,3
臺灣,妙趣,left,342.74226095440713,42,weibo,3
臺灣,嘲笑,left,330.36723021133275,46,weibo,3
臺灣,收復,left,303.0549713233573,45,weibo,3
臺灣,回,left,297.21637832284534,64,weibo,3
臺灣,據,left,274.2454147789582,86,weibo,3
臺灣,統一,left,268.83488647123943,69,weibo,3
臺灣,陳喬恩,left,264.1706032693656,46,weibo,3
臺灣,武統,left,232.41806656537312,41,weibo,3
臺灣,上空,right,4928.153616997164,646,weibo,3
臺灣,腔,right,2842.0821753452883,393,weibo,3
臺灣,西南,right,2081.7785517885345,311,weibo,3
臺灣,邱震海,right,1252.0198293618087,156,weibo,3
臺灣,早報網,right,1171.6524234422175,146,weibo,3
臺灣,偶像劇,right,732.0355995599716,124,weibo,3
臺灣,是,right,694.5918869856511,583,weibo,3
臺灣,果蔬,right,603.6452998910614,109,weibo,3
臺灣,空域,right,555.6860230213499,143,weibo,3
臺灣,民衆,right,473.57934816889525,93,weibo,3
臺灣,重映,right,417.91833365012656,82,weibo,3
臺灣,傻事,right,362.9745612583815,50,weibo,3
臺灣,中央社,right,314.5838470190664,47,weibo,3
臺灣,展園,right,304.64311720545237,38,weibo,3
臺灣,風味,right,292.4277884366859,52,weibo,3
臺灣,防衛,right,248.50843040377708,31,weibo,3
臺灣,自由,right,236.7894214527239,58,weibo,3
臺灣,問題,right,234.27737230052702,105,weibo,3
臺灣,脆皮,right,215.46351779580544,33,weibo,3
臺灣,媒體報道,right,214.55825834990026,39,weibo,3
臺灣,在,left,503.1196095872638,280,ptt,9
臺灣,對,left,376.357476148429,129,ptt,9
臺灣,讓,left,239.17845492090728,92,ptt,9
臺灣,美屬,left,226.10084034232693,24,ptt,9
臺灣,是,left,129.93414257034857,181,ptt,9
臺灣,一國兩制,left,103.69075789806138,16,ptt,9
臺灣,與,left,98.32186743772367,67,ptt,9
臺灣,保衛,left,86.95068611822447,12,ptt,9
臺灣,來,left,78.93215381441588,41,ptt,9
臺灣,說,left,71.0582397253062,67,ptt,9
臺灣,支持,left,63.88592750744922,27,ptt,9
臺灣,為,left,58.83463771593321,60,ptt,9
臺灣,把,left,58.51137444842367,34,ptt,9
臺灣,代表,left,57.0675032138378,23,ptt,9
臺灣,表示,left,56.859983306575906,41,ptt,9
臺灣,反觀,left,48.88933581013021,10,ptt,9
臺灣,推動,left,46.09598454725298,14,ptt,9
臺灣,中華民國,left,39.875118435714676,15,ptt,9
臺灣,進入,left,37.121478386833004,13,ptt,9
臺灣,而,left,36.52816145532266,29,ptt,9
臺灣,人,right,1200.3302474062264,350,ptt,9
臺灣,價值,right,400.42733022232244,68,ptt,9
臺灣,的,right,318.0251814096466,506,ptt,9
臺灣,人民,right,302.57486578568046,69,ptt,9
臺灣,海峽,right,119.73415263390497,32,ptt,9
臺灣,獨立,right,111.69230638369217,23,ptt,9
臺灣,基進,right,107.30201647076734,14,ptt,9
臺灣,方案,right,100.03927458465654,18,ptt,9
臺灣,西南,right,97.31426292857334,14,ptt,9
臺灣,防疫,right,93.60692570014623,24,ptt,9
臺灣,駐,right,92.85747194137055,18,ptt,9
臺灣,政府,right,67.58716559291119,40,ptt,9
臺灣,女生,right,63.742530708634746,21,ptt,9
臺灣,重返,right,62.53209708702957,11,ptt,9
臺灣,地區,right,55.070996348431926,15,ptt,9
臺灣,產業,right,40.244074774837266,13,ptt,9
臺灣,最大,right,38.15167466160535,13,ptt,9
臺灣,有,right,38.12502906568437,86,ptt,9
臺灣,經濟,right,29.101161135017378,16,ptt,9
臺灣,民主,right,29.096935358684018,12,ptt,9
臺灣,在,left,625.533068030803,277,ptt,6
臺灣,對,left,368.46767488831017,114,ptt,6
臺灣,讓,left,175.52106518044036,70,ptt,6
臺灣,來,left,138.76852417851876,49,ptt,6
臺灣,訪問,left,122.9190268873929,23,ptt,6
臺灣,守護,left,106.85873684449965,14,ptt,6
臺灣,入境,left,106.212025584016,28,ptt,6
臺灣,是,left,85.67344894323705,137,ptt,6
臺灣,留在,left,69.58413662723346,11,ptt,6
臺灣,與,left,62.485804653084585,45,ptt,6
臺灣,綁定,left,53.90617156476948,10,ptt,6
臺灣,說,left,51.30458261776508,52,ptt,6
臺灣,中華民國,left,43.90820862319162,12,ptt,6
臺灣,把,left,41.52464434143621,26,ptt,6
臺灣,支持,left,40.843827596480395,17,ptt,6
臺灣,為,left,40.174097486069954,45,ptt,6
臺灣,希望,left,38.16673151395053,19,ptt,6
臺灣,現在,left,36.37449080492104,30,ptt,6
臺灣,整個,left,35.357528312863934,12,ptt,6
臺灣,到,left,33.97316018066776,35,ptt,6
臺灣,人,right,955.2266239743368,284,ptt,6
臺灣,價值,right,785.0680963659295,111,ptt,6
臺灣,的,right,286.12225957385795,425,ptt,6
臺灣,民主,right,236.70377871373142,52,ptt,6
臺灣,人民,right,128.63625380232057,32,ptt,6
臺灣,南波,right,112.92526895149659,12,ptt,6
臺灣,旅行,right,106.75980362414117,16,ptt,6
臺灣,防疫,right,87.36984549954815,28,ptt,6
臺灣,本土,right,78.49556529385941,19,ptt,6
臺灣,政壇,right,64.34680526911681,11,ptt,6
臺灣,獨立,right,54.30819433218408,12,ptt,6
臺灣,民主化,right,51.236611521796796,10,ptt,6
臺灣,模式,right,49.62229157937744,11,ptt,6
臺灣,政治,right,47.50884068294646,25,ptt,6
臺灣,更好,right,44.41194995060039,10,ptt,6
臺灣,政府,right,43.03502575700324,25,ptt,6
臺灣,經濟,right,42.228076789166536,16,ptt,6
臺灣,勞工,right,41.89495370925284,11,ptt,6
臺灣,第一,right,40.04541512635872,13,ptt,6
臺灣,有,right,27.594337062878566,70,ptt,6
臺灣,在,left,613.9244728364531,281,ptt,4
臺灣,對,left,135.04946194678152,63,ptt,4
臺灣,來,left,106.77297445969732,41,ptt,4
臺灣,說,left,89.56459676335756,69,ptt,4
臺灣,是,left,86.5002065185547,138,ptt,4
臺灣,讓,left,66.80013263537242,40,ptt,4
臺灣,反觀,left,57.157039204189225,10,ptt,4
臺灣,跟,left,52.68723516739834,45,ptt,4
臺灣,像,left,52.148184790584565,21,ptt,4
臺灣,從,left,51.78572959749328,25,ptt,4
臺灣,我們,left,41.25183215274042,29,ptt,4
臺灣,改變,left,40.85349728014358,12,ptt,4
臺灣,開放,left,39.512090138220714,14,ptt,4
臺灣,整個,left,36.25037552162709,12,ptt,4
臺灣,進入,left,33.85161041854593,11,ptt,4
臺灣,覺得,left,33.21621833147372,24,ptt,4
臺灣,與,left,32.353838206467366,34,ptt,4
臺灣,了,left,32.01545643555977,77,ptt,4
臺灣,指出,left,30.89338923836343,15,ptt,4
臺灣,知道,left,30.533488219163175,25,ptt,4
臺灣,人,right,1203.889644847798,334,ptt,4
臺灣,價值,right,735.257597450855,109,ptt,4
臺灣,基進,right,496.8115191361825,56,ptt,4
臺灣,的,right,232.59270343394553,395,ptt,4
臺灣,大哥大,right,197.94614012670337,21,ptt,4
臺灣,之光,right,140.85286051981953,15,ptt,4
臺灣,世曦,right,104.01209512272497,11,ptt,4
臺灣,防疫,right,103.75913202405883,26,ptt,4
臺灣,民主,right,89.68610855491103,23,ptt,4
臺灣,男生,right,69.04893567411447,15,ptt,4
臺灣,政府,right,68.48041139551876,36,ptt,4
臺灣,社會,right,67.10443495452627,22,ptt,4
臺灣,人民,right,66.83343625927205,23,ptt,4
臺灣,本土,right,62.89011624458105,13,ptt,4
臺灣,民意,right,58.40465244010486,12,ptt,4
臺灣,獨立,right,58.111278915906084,15,ptt,4
臺灣,經濟,right,42.45138223416282,16,ptt,4
臺灣,房價,right,34.02150229200939,10,ptt,4
臺灣,大學,right,33.40835702730894,13,ptt,4
臺灣,最,right,24.862283546002814,17,ptt,4
臺灣,在,left,518.9958578474491,281,ptt,2
臺灣,對,left,282.18566886778683,113,ptt,2
臺灣,來,left,193.7550899226094,66,ptt,2
臺灣,美屬,left,193.53815230753102,21,ptt,2
臺灣,讓,left,162.80906612710925,75,ptt,2
臺灣,天佑,left,112.61012080999174,15,ptt,2
臺灣,移民,left,111.40125913678389,29,ptt,2
臺灣,是,left,107.57717015290712,170,ptt,2
臺灣,把,left,107.25684840169562,49,ptt,2
臺灣,明日,left,105.30378307033081,14,ptt,2
臺灣,矮化,left,96.49953587692927,13,ptt,2
臺灣,中華民國,left,88.68058270635576,25,ptt,2
臺灣,武統,left,86.0001147129053,13,ptt,2
臺灣,留在,left,81.57402979830712,14,ptt,2
臺灣,跟,left,73.90271642218559,61,ptt,2
臺灣,守護,left,67.54706307712851,11,ptt,2
臺灣,支持,left,60.87048133626942,28,ptt,2
臺灣,國立,left,58.53117402760301,10,ptt,2
臺灣,來到,left,55.488418758070594,11,ptt,2
臺灣,代表,left,54.65521503381691,19,ptt,2
臺灣,人,right,1236.974005665802,372,ptt,2
臺灣,價值,right,702.8943463578048,107,ptt,2
臺灣,的,right,209.06598257294485,446,ptt,2
臺灣,基進,right,184.38953889721333,23,ptt,2
臺灣,人民,right,149.6329913668947,42,ptt,2
臺灣,防疫,right,135.43548993453015,43,ptt,2
臺灣,政府,right,121.03717279208642,54,ptt,2
臺灣,高等法院,right,118.96237385915583,13,ptt,2
臺灣,社會,right,117.8441458772069,39,ptt,2
臺灣,大學,right,117.19527298984097,30,ptt,2
臺灣,海峽,right,115.55086379111775,15,ptt,2
臺灣,民主,right,82.85398649044252,26,ptt,2
臺灣,天佑,right,82.62632851496335,12,ptt,2
臺灣,同胞,right,75.730312065599,13,ptt,2
臺灣,經濟,right,53.77392762986147,24,ptt,2
臺灣,地區,right,52.10804428579539,16,ptt,2
臺灣,已經,right,49.34733184801971,28,ptt,2
臺灣,參與,right,47.58254546543711,17,ptt,2
臺灣,獨立,right,47.072395076310585,14,ptt,2
臺灣,名,right,45.40598920568059,16,ptt,2
臺灣,淘寶,left,2971.960892662427,400,weibo,7
臺灣,在,left,2185.6909190779093,1066,weibo,7
臺灣,解放,left,921.5192600965573,133,weibo,7
臺灣,去,left,895.6106211731752,309,weibo,7
臺灣,收復,left,850.9920276063904,119,weibo,7
臺灣,統一,left,495.9531675995318,117,weibo,7
臺灣,據,left,451.69800766167697,141,weibo,7
臺灣,百珍,left,433.8074107419577,52,weibo,7
臺灣,場,left,422.6152046956282,87,weibo,7
臺灣,武統,left,419.6933404290721,77,weibo,7
臺灣,解決,left,378.78762644169433,77,weibo,7
臺灣,現身,left,328.2399913527065,60,weibo,7
臺灣,來自,left,295.08143654106334,91,weibo,7
臺灣,伍佰之於,left,283.6029156907656,34,weibo,7
臺灣,赴,left,256.02363519043365,56,weibo,7
臺灣,出版社,left,238.66972613005538,44,weibo,7
臺灣,譴責,left,235.03591009762437,33,weibo,7
臺灣,戲說,left,233.54425788194857,28,weibo,7
臺灣,和,left,208.58379812243254,275,weibo,7
臺灣,對,left,199.66089775694644,145,weibo,7
臺灣,腔,right,3836.2955509616277,503,weibo,7
臺灣,動手,right,1543.0785962045047,210,weibo,7
臺灣,偶像劇,right,922.0812632618135,149,weibo,7
臺灣,問題,right,896.7465005031218,260,weibo,7
臺灣,金曲獎,right,797.6262268298317,119,weibo,7
臺灣,青年,right,787.8351179467738,145,weibo,7
臺灣,風味,right,628.8190930327366,94,weibo,7
臺灣,建交,right,571.9650272329067,84,weibo,7
臺灣,名嘴,right,447.88059566089555,70,weibo,7
臺灣,葭,right,344.15342414796015,42,weibo,7
臺灣,博德,right,323.20514322764745,56,weibo,7
臺灣,媒體報道,right,322.8025174972465,53,weibo,7
臺灣,民衆,right,308.97327803605407,92,weibo,7
臺灣,旅行,right,297.18115244540485,72,weibo,7
臺灣,經濟部,right,258.16262919551974,44,weibo,7
臺灣,牌,right,252.25544181024327,50,weibo,7
臺灣,新竹,right,241.64095155344546,38,weibo,7
臺灣,緹,right,223.5865411032011,34,weibo,7
臺灣,飯糰,right,221.21669462020384,27,weibo,7
臺灣,網友,right,220.77852819917138,65,weibo,7
臺灣,用,left,912.6940004804875,180,weibo,2
臺灣,玩弄,left,797.0444683088383,100,weibo,2
臺灣,羔羊,left,737.057397220333,111,weibo,2
臺灣,損害,left,720.2230930270485,154,weibo,2
臺灣,在,left,486.97890657441735,299,weibo,2
臺灣,去,left,310.0530514797876,111,weibo,2
臺灣,收復,left,233.37983884481065,34,weibo,2
臺灣,解放,left,186.5250292129987,30,weibo,2
臺灣,妙趣,left,167.08294528571105,21,weibo,2
臺灣,回,left,166.52217280512676,34,weibo,2
臺灣,首超,left,159.12305530262165,20,weibo,2
臺灣,根裝,left,138.0304283865819,19,weibo,2
臺灣,年,left,133.02666712459825,79,weibo,2
臺灣,迴應,left,118.15650438280507,54,weibo,2
臺灣,東成西就,left,118.00314237058151,26,weibo,2
臺灣,武統,left,113.5745520043407,24,weibo,2
臺灣,路,left,112.75177834653728,26,weibo,2
臺灣,萬一,left,111.37118680901524,14,weibo,2
臺灣,億美元,left,110.40604947100388,49,weibo,2
臺灣,邱毅,left,107.42209142816672,16,weibo,2
臺灣,納稅人,right,1317.2414400529465,168,weibo,2
臺灣,民衆,right,1118.6598653717117,175,weibo,2
臺灣,腔,right,1016.2396366668935,139,weibo,2
臺灣,重映,right,982.903200787955,165,weibo,2
臺灣,問題,right,810.0287903627229,196,weibo,2
臺灣,議題,right,788.0345132870149,105,weibo,2
臺灣,參加,right,344.14810132928477,80,weibo,2
臺灣,相當於,right,319.07496702940443,48,weibo,2
臺灣,牌,right,272.577196374033,44,weibo,2
臺灣,偶像劇,right,235.43016705685145,44,weibo,2
臺灣,開展,right,199.46758354467897,34,weibo,2
臺灣,青年,right,151.22112056873596,27,weibo,2
臺灣,風味,right,134.9729441467089,22,weibo,2
臺灣,自由,right,132.14306960954215,31,weibo,2
臺灣,淺灘,right,125.0457172676053,16,weibo,2
臺灣,金點,right,125.0457172676053,16,weibo,2
臺灣,傻事,right,117.22787334148919,15,weibo,2
臺灣,工廠,right,114.3087989111572,25,weibo,2
臺灣,烤腸,right,112.41004870120854,24,weibo,2
臺灣,上映,right,111.3444738840993,24,weibo,2
臺灣,在,left,498.63038479119894,276,ptt,1
臺灣,對,left,211.6671402980936,92,ptt,1
臺灣,支持,left,150.6637664923391,47,ptt,1
臺灣,中華民國,left,148.8842878537747,38,ptt,1
臺灣,讓,left,146.70267034620684,70,ptt,1
臺灣,武統,left,145.8766629934241,20,ptt,1
臺灣,國立,left,119.74206346783049,18,ptt,1
臺灣,來,left,118.60737233663869,49,ptt,1
臺灣,入籍,left,109.47070136984556,13,ptt,1
臺灣,是,left,105.72993654194221,167,ptt,1
臺灣,守護,left,95.99258822858522,14,ptt,1
臺灣,美屬,left,93.82483962742604,10,ptt,1
臺灣,解決,left,83.7646640068604,21,ptt,1
臺灣,邀請,left,81.90743540404453,17,ptt,1
臺灣,無煙,left,68.09670185506471,10,ptt,1
臺灣,代表,left,60.48188161448441,19,ptt,1
臺灣,挺,left,56.87213214999903,14,ptt,1
臺灣,與,left,55.162425020350526,46,ptt,1
臺灣,統一,left,46.658084466241995,18,ptt,1
臺灣,把,left,45.28618004756866,31,ptt,1
臺灣,人,right,1346.976233321542,391,ptt,1
臺灣,價值,right,551.316843819045,82,ptt,1
臺灣,的,right,298.0557450402523,496,ptt,1
臺灣,人民,right,295.9580238694685,64,ptt,1
臺灣,基進,right,248.49215429628504,30,ptt,1
臺灣,參與,right,226.49180573189963,46,ptt,1
臺灣,淺堆,right,212.19658897460687,23,ptt,1
臺灣,地區,right,207.19920979434283,41,ptt,1
臺灣,加入,right,152.0610712678344,30,ptt,1
臺灣,海峽,right,109.067394859351,16,ptt,1
臺灣,問題,right,98.78978138352424,49,ptt,1
臺灣,社會,right,97.37981673688743,36,ptt,1
臺灣,政壇,right,87.25658308734775,12,ptt,1
臺灣,高等法院,right,79.21272493883615,10,ptt,1
臺灣,財團,right,75.67007870973586,12,ptt,1
臺灣,主權,right,75.41179024849114,16,ptt,1
臺灣,政府,right,74.80534652151839,42,ptt,1
臺灣,文學,right,74.13572674788958,10,ptt,1
臺灣,同胞,right,70.27712540015234,11,ptt,1
臺灣,現在,right,67.25830079778788,45,ptt,1
臺灣,片裝,left,2578.0886192349867,328,weibo,4
臺灣,在,left,2212.7405239280865,1073,weibo,4
臺灣,去,left,1185.4570238535673,424,weibo,4
臺灣,共築,left,1029.8444898533767,130,weibo,4
臺灣,現身,left,802.0204103195355,128,weibo,4
臺灣,早期,left,757.3897189608541,128,weibo,4
臺灣,解放,left,693.6885805134627,113,weibo,4
臺灣,據,left,585.3183707385085,137,weibo,4
臺灣,來自,left,454.7189336389394,119,weibo,4
臺灣,分在,left,429.7013226584246,58,weibo,4
臺灣,進入,left,404.44864675829143,97,weibo,4
臺灣,統一,left,395.9785901110874,100,weibo,4
臺灣,武統,left,388.4739104835394,71,weibo,4
臺灣,停靠,left,342.5635833147205,48,weibo,4
臺灣,純肉,left,334.77533027587094,55,weibo,4
臺灣,收復,left,322.71719224375124,53,weibo,4
臺灣,邱毅,left,311.5755001198771,45,weibo,4
臺灣,進駐,left,240.77508120647644,38,weibo,4
臺灣,解決,left,237.45152115044527,60,weibo,4
臺灣,飛越,left,207.07139235873092,34,weibo,4
臺灣,腔,right,3392.9417555235596,453,weibo,4
臺灣,進口,right,2541.1959333811383,382,weibo,4
臺灣,西南,right,1514.3905727045662,224,weibo,4
臺灣,火山石,right,900.6570051726981,133,weibo,4
臺灣,原創,right,825.1514187285379,130,weibo,4
臺灣,偶像劇,right,809.9383578450971,143,weibo,4
臺灣,綜藝,right,788.321963816606,155,weibo,4
臺灣,名嘴,right,721.2151895265175,138,weibo,4
臺灣,問題,right,553.3564147743563,171,weibo,4
臺灣,宜蘭縣,right,549.6395323720214,82,weibo,4
臺灣,風味,right,394.03164644507194,75,weibo,4
臺灣,媒體報道,right,379.4477462477926,64,weibo,4
臺灣,美食,right,369.21856989091475,116,weibo,4
臺灣,旅遊,right,368.74164931603605,89,weibo,4
臺灣,東部,right,336.26557106062694,54,weibo,4
臺灣,網友,right,330.08088944087604,104,weibo,4
臺灣,菜,right,322.6814839995909,72,weibo,4
臺灣,藝人,right,283.2678503468692,70,weibo,4
臺灣,媒體,right,274.62428102973104,79,weibo,4
臺灣,上空,right,271.78367028000423,54,weibo,4
臺灣,在,left,2123.6168617968224,889,weibo,5
臺灣,去,left,807.596315353532,300,weibo,5
臺灣,解放,left,638.7713382032134,92,weibo,5
臺灣,統一,left,529.4080439490484,124,weibo,5
臺灣,收復,left,511.58404667514344,73,weibo,5
臺灣,向,left,494.0402922435886,190,weibo,5
臺灣,武統,left,486.19400742347415,80,weibo,5
臺灣,把,left,477.1960872159069,163,weibo,5
臺灣,飛經,left,447.02456570566034,57,weibo,5
臺灣,求生,left,443.05158107622265,58,weibo,5
臺灣,據,left,335.3095490962691,88,weibo,5
臺灣,邱毅,left,316.93656934827936,48,weibo,5
臺灣,一位,left,286.96196872423224,72,weibo,5
臺灣,茶園,left,251.17951607647993,35,weibo,5
臺灣,來自,left,202.28183911723377,66,weibo,5
臺灣,承認,left,198.42346233955837,40,weibo,5
臺灣,從,left,178.0217783938869,90,weibo,5
臺灣,場,left,175.89745818741068,35,weibo,5
臺灣,族,left,173.46671178028134,23,weibo,5
臺灣,何錯之有,left,170.3969019576325,32,weibo,5
臺灣,二十年,right,4154.447827399406,541,weibo,5
臺灣,腔,right,3240.0194611103834,438,weibo,5
臺灣,小學生,right,2612.4432716013407,409,weibo,5
臺灣,機場,right,1494.2527812199826,268,weibo,5
臺灣,問題,right,1129.2009464684663,282,weibo,5
臺灣,偶像劇,right,781.602959424057,229,weibo,5
臺灣,火山石,right,463.4953115231906,69,weibo,5
臺灣,傻事,right,450.41917370196006,60,weibo,5
臺灣,南部,right,438.1165046279459,75,weibo,5
臺灣,果農,right,405.5789984486592,52,weibo,5
臺灣,風味,right,340.204299818974,57,weibo,5
臺灣,金曲獎,right,324.7777672019083,59,weibo,5
臺灣,從,right,289.1580050732298,125,weibo,5
臺灣,菜,right,285.1683072363165,56,weibo,5
臺灣,緹,right,271.86345934962765,46,weibo,5
臺灣,新竹,right,259.4715354725197,48,weibo,5
臺灣,作家,right,253.86692112083574,49,weibo,5
臺灣,西南,right,248.98983660998223,39,weibo,5
臺灣,嘉賓,right,241.13319034749478,65,weibo,5
臺灣,小喫,right,237.78892937728148,52,weibo,5
臺灣,在,left,2040.3323627972204,1003,weibo,9
臺灣,解放,left,1609.622425882904,251,weibo,9
臺灣,收復,left,1290.0264537001085,191,weibo,9
臺灣,大會,left,1102.2099382173085,176,weibo,9
臺灣,統一,left,1009.0935452926547,255,weibo,9
臺灣,去,left,783.7907132353679,314,weibo,9
臺灣,對,left,775.73881520738,310,weibo,9
臺灣,武統,left,659.4118422907421,129,weibo,9
臺灣,稱呼,left,645.8874541267458,132,weibo,9
臺灣,招收,left,379.262739858201,50,weibo,9
臺灣,據,left,348.9214898556778,100,weibo,9
臺灣,進入,left,331.1212249696838,91,weibo,9
臺灣,解決,left,319.90482931044687,74,weibo,9
臺灣,戲說,left,316.88677927371543,40,weibo,9
臺灣,向,left,294.85506448476997,109,weibo,9
臺灣,來自,left,284.3156448374234,87,weibo,9
臺灣,人次,left,243.63595097380573,38,weibo,9
臺灣,飛抵,left,237.6459345849609,30,weibo,9
臺灣,根裝,left,228.84904029331585,30,weibo,9
臺灣,逼近,left,227.58044691967302,40,weibo,9
臺灣,腔,right,2934.694026483518,392,weibo,9
臺灣,問題,right,1369.2123933077528,415,weibo,9
臺灣,嘉賓,right,1278.0986677798571,207,weibo,9
臺灣,藝人,right,1095.386609192021,239,weibo,9
臺灣,稱呼,right,828.5507072448725,161,weibo,9
臺灣,偶像劇,right,725.798191059921,123,weibo,9
臺灣,人民,right,614.8790236571922,146,weibo,9
臺灣,風味,right,574.5241653582832,90,weibo,9
臺灣,上空,right,381.74275346342995,91,weibo,9
臺灣,綜藝,right,375.716293501843,81,weibo,9
臺灣,演藝界,right,355.80992464910776,58,weibo,9
臺灣,媒體報道,right,344.8664429168474,68,weibo,9
臺灣,學生,right,323.0320371412127,98,weibo,9
臺灣,高雄,right,314.1734511272804,64,weibo,9
臺灣,漁船,right,312.03004025009466,62,weibo,9
臺灣,陸委會,right,300.1415258362415,69,weibo,9
臺灣,西南,right,286.1102427139736,64,weibo,9
臺灣,旅行,right,272.68824398101896,69,weibo,9
臺灣,傻事,right,270.6874059579635,37,weibo,9
臺灣,民衆,right,264.32028166301296,73,weibo,9
臺灣,花木蘭,left,2115.1988048062017,360,weibo,1
臺灣,遇到,left,1466.0133525203555,230,weibo,1
臺灣,在,left,841.0912580496502,435,weibo,1
臺灣,去,left,472.12417977566696,176,weibo,1
臺灣,收復,left,463.448805293919,69,weibo,1
臺灣,解放,left,438.34099606498626,68,weibo,1
臺灣,統一,left,310.3100181300572,74,weibo,1
臺灣,邱毅,left,296.2219801082332,45,weibo,1
臺灣,支持,left,192.49262852323585,53,weibo,1
臺灣,路,left,186.65716552181766,41,weibo,1
臺灣,震動,left,174.68568097947875,22,weibo,1
臺灣,向,left,142.1094208797281,48,weibo,1
臺灣,今日,left,137.82927878697308,37,weibo,1
臺灣,來自,left,130.10432462968333,43,weibo,1
臺灣,武統,left,129.2776850813501,33,weibo,1
臺灣,欣賞,left,121.57674932169284,25,weibo,1
臺灣,解決,left,120.09610305744891,30,weibo,1
臺灣,打,left,112.4744940891083,39,weibo,1
臺灣,話,left,105.9222552078914,54,weibo,1
臺灣,芙蓉,left,101.77387504821192,17,weibo,1
臺灣,腔,right,3979.3162034941106,542,weibo,1
臺灣,定檔,right,2060.163317685891,356,weibo,1
臺灣,傻事,right,442.5888806624243,61,weibo,1
臺灣,問題,right,408.39465274251705,126,weibo,1
臺灣,偶像劇,right,393.24980896749094,66,weibo,1
臺灣,重映,right,301.7838946380478,47,weibo,1
臺灣,火山石,right,292.7953037405988,44,weibo,1
臺灣,邱震海,right,263.2340272399118,34,weibo,1
臺灣,早報網,right,263.2340272399118,34,weibo,1
臺灣,風味,right,260.14032225264384,42,weibo,1
臺灣,出售,right,232.86135963108697,41,weibo,1
臺灣,網友,right,210.59490877295235,49,weibo,1
臺灣,自由,right,192.3687474719945,50,weibo,1
臺灣,牌,right,189.33235812875785,29,weibo,1
臺灣,重返,right,185.32486074461588,28,weibo,1
臺灣,代孕,right,184.64585672434032,47,weibo,1
臺灣,節目,right,152.82155877808611,49,weibo,1
臺灣,參加,right,138.18376943529196,41,weibo,1
臺灣,名嘴,right,134.20080082704607,21,weibo,1
臺灣,娛樂,right,129.24013675437135,29,weibo,1
臺灣,在,left,2098.1104670092827,901,weibo,6
臺灣,去,left,1050.3431301711835,332,weibo,6
臺灣,訪問,left,762.9319442692139,138,weibo,6
臺灣,歌迷會,left,753.7672616409965,94,weibo,6
臺灣,解放,left,680.2029114423856,100,weibo,6
臺灣,據,left,448.27026421275764,116,weibo,6
臺灣,收復,left,412.45398288369654,56,weibo,6
臺灣,來自,left,398.0488578804616,98,weibo,6
臺灣,分在,left,378.51739211581065,58,weibo,6
臺灣,統一,left,366.7516272293235,97,weibo,6
臺灣,就讀於,left,294.92897643502164,37,weibo,6
臺灣,武統,left,268.5958722990465,49,weibo,6
臺灣,對,left,241.6263339989699,131,weibo,6
臺灣,生於,left,241.60523812564708,48,weibo,6
臺灣,日報,left,240.3552509067376,35,weibo,6
臺灣,把,left,209.47435852801945,96,weibo,6
臺灣,敗退,left,205.47773807526215,25,weibo,6
臺灣,場,left,202.06637338866744,35,weibo,6
臺灣,寶島,left,182.5322928101918,38,weibo,6
臺灣,飛往,left,170.75980695217044,24,weibo,6
臺灣,腔,right,2929.1082288012444,381,weibo,6
臺灣,花蓮,right,1030.2213769699938,161,weibo,6
臺灣,問題,right,918.0069791251717,229,weibo,6
臺灣,花蓮縣,right,841.2672547999216,109,weibo,6
臺灣,分會,right,692.4158448899418,100,weibo,6
臺灣,樂隊,right,629.2819115717616,154,weibo,6
臺灣,偶像劇,right,505.6845054635587,88,weibo,6
臺灣,傻事,right,433.609112827734,54,weibo,6
臺灣,出售,right,369.9977941617184,66,weibo,6
臺灣,牌,right,367.8132362455542,64,weibo,6
臺灣,金曲獎,right,318.7527009988919,49,weibo,6
臺灣,名嘴,right,313.6427058283894,50,weibo,6
臺灣,東森,right,309.3115390892304,47,weibo,6
臺灣,媒體報道,right,308.9188559414981,44,weibo,6
臺灣,臺中市,right,277.9949959470104,39,weibo,6
臺灣,東南,right,268.30603144073297,56,weibo,6
臺灣,遠見,right,265.5038890102341,35,weibo,6
臺灣,中央社,right,263.16210535176214,36,weibo,6
臺灣,教書,right,247.53304258345048,34,weibo,6
臺灣,旅遊,right,237.6104301216367,59,weibo,6
臺灣,在,left,731.3928850941958,324,ptt,7
臺灣,對,left,313.5749697536179,111,ptt,7
臺灣,讓,left,224.7987901455904,89,ptt,7
臺灣,美屬,left,150.36622672127115,16,ptt,7
臺灣,淘寶,left,107.78988376442021,17,ptt,7
臺灣,武統,left,97.87842402801559,13,ptt,7
臺灣,保衛,left,86.21679419732882,11,ptt,7
臺灣,中華民國,left,70.32565846259115,20,ptt,7
臺灣,是,left,63.33916880845163,139,ptt,7
臺灣,跟,left,60.324247054075286,53,ptt,7
臺灣,反觀,left,57.18318334192148,10,ptt,7
臺灣,說,left,56.26120012813895,59,ptt,7
臺灣,來,left,50.582974270636,30,ptt,7
臺灣,訪問,left,48.21038368740635,11,ptt,7
臺灣,為,left,47.62794916593366,53,ptt,7
臺灣,身分,left,45.1480003962097,11,ptt,7
臺灣,與,left,38.2043260658276,39,ptt,7
臺灣,覺得,left,37.57627491138886,27,ptt,7
臺灣,了,left,34.48646144227443,88,ptt,7
臺灣,從,left,34.16672565346349,22,ptt,7
臺灣,人,right,1156.913965054501,339,ptt,7
臺灣,價值,right,955.1425265598707,132,ptt,7
臺灣,海峽,right,477.24992988027327,58,ptt,7
臺灣,的,right,245.78341189880166,443,ptt,7
臺灣,黑熊,right,186.79285909923112,23,ptt,7
臺灣,人民,right,143.67724068736024,36,ptt,7
臺灣,防疫,right,128.37682333318634,45,ptt,7
臺灣,購買,right,107.65311310769744,21,ptt,7
臺灣,獨立,right,84.31589996010513,18,ptt,7
臺灣,經濟,right,75.53690960341876,24,ptt,7
臺灣,社會,right,75.02807150006495,26,ptt,7
臺灣,安全,right,58.94347772591411,21,ptt,7
臺灣,民主,right,50.73318286013401,19,ptt,7
臺灣,本土,right,46.89004664779538,12,ptt,7
臺灣,大學,right,40.7093534942763,14,ptt,7
臺灣,最,right,40.453578675208036,23,ptt,7
臺灣,地區,right,35.21714679562888,12,ptt,7
臺灣,區域,right,34.97396104811345,11,ptt,7
臺灣,有,right,28.745102718286347,78,ptt,7
臺灣,第一,right,26.573161104383182,10,ptt,7
